unique_plot_ID,veg_height
CHE.lo.ambi.vege.wf.09,233
CHE.lo.ambi.vege.wf.08,190
CHE.lo.ambi.vege.wf.07,164
CHE.lo.ambi.vege.wf.06,355
CHE.lo.ambi.vege.wf.10,225
CHE.lo.ambi.vege.wf.04,288
CHE.lo.ambi.vege.wf.01,230
CHE.lo.ambi.vege.wf.02,228
CHE.lo.ambi.vege.wf.05,415
CHE.lo.ambi.vege.wf.03,414
CHE.hi.ambi.vege.wf.02,182
CHE.hi.ambi.vege.nf.02,17
CHE.hi.warm.vege.nf.02,85
CHE.hi.warm.vege.wf.02,165
CHE.hi.ambi.vege.wf.03,112
CHE.hi.warm.vege.nf.03,73
CHE.hi.warm.vege.wf.03,54
CHE.hi.ambi.vege.nf.03,52
CHE.hi.warm.vege.wf.05,58
CHE.hi.ambi.vege.nf.05,172
CHE.hi.warm.vege.nf.05,61
CHE.hi.ambi.vege.wf.05,62
CHE.hi.warm.vege.wf.04,95
CHE.hi.warm.vege.wf.01,100
CHE.hi.warm.vege.nf.04,54
CHE.hi.ambi.vege.wf.04,85
CHE.hi.ambi.vege.nf.04,98
CHE.hi.ambi.vege.wf.01,93
CHE.hi.ambi.vege.wf.06,74
CHE.hi.ambi.vege.nf.06,105
CHE.hi.warm.vege.nf.06,42
CHE.hi.warm.vege.wf.06,78
CHE.hi.warm.vege.wf.07,61
CHE.hi.ambi.vege.wf.07,73
CHE.hi.ambi.vege.nf.08,64
CHE.hi.ambi.vege.wf.08,89
CHE.hi.warm.vege.nf.08,79
CHE.hi.warm.vege.wf.08,188
CHE.hi.warm.vege.nf.09,101
CHE.hi.ambi.vege.nf.09,51
CHE.hi.warm.vege.wf.09,84
CHE.hi.ambi.vege.wf.09,28
CHE.hi.warm.vege.nf.10,66
CHE.hi.ambi.vege.wf.10,50
CHE.hi.warm.vege.wf.10,65
CHE.hi.ambi.vege.nf.10,42
CHE.lo.ambi.vege.wf.09,250
CHE.lo.ambi.vege.wf.08,252
CHE.lo.ambi.vege.wf.07,158
CHE.lo.ambi.vege.wf.06,200
CHE.lo.ambi.vege.wf.10,357
CHE.lo.ambi.vege.wf.04,240
CHE.lo.ambi.vege.wf.01,362
CHE.lo.ambi.vege.wf.02,368
CHE.lo.ambi.vege.wf.05,556
CHE.lo.ambi.vege.wf.03,452
CHE.hi.ambi.vege.wf.02,100
CHE.hi.ambi.vege.nf.02,43
CHE.hi.warm.vege.nf.02,62
CHE.hi.warm.vege.wf.02,58
CHE.hi.ambi.vege.wf.03,80
CHE.hi.warm.vege.nf.03,20
CHE.hi.warm.vege.wf.03,45
CHE.hi.ambi.vege.nf.03,188
CHE.hi.warm.vege.wf.05,62
CHE.hi.ambi.vege.nf.05,134
CHE.hi.warm.vege.nf.05,94
CHE.hi.ambi.vege.wf.05,49
CHE.hi.warm.vege.wf.04,86
CHE.hi.warm.vege.wf.01,48
CHE.hi.warm.vege.nf.04,32
CHE.hi.ambi.vege.wf.04,99
CHE.hi.ambi.vege.nf.04,97
CHE.hi.ambi.vege.wf.01,104
CHE.hi.ambi.vege.wf.06,85
CHE.hi.ambi.vege.nf.06,73
CHE.hi.warm.vege.nf.06,67
CHE.hi.warm.vege.wf.06,82
CHE.hi.warm.vege.wf.07,62
CHE.hi.ambi.vege.wf.07,81
CHE.hi.ambi.vege.nf.08,56
CHE.hi.ambi.vege.wf.08,113
CHE.hi.warm.vege.nf.08,98
CHE.hi.warm.vege.wf.08,108
CHE.hi.warm.vege.nf.09,31
CHE.hi.ambi.vege.nf.09,112
CHE.hi.warm.vege.wf.09,81
CHE.hi.ambi.vege.wf.09,80
CHE.hi.warm.vege.nf.10,52
CHE.hi.ambi.vege.wf.10,86
CHE.hi.warm.vege.wf.10,262
CHE.hi.ambi.vege.nf.10,84
CHE.lo.ambi.vege.wf.09,480
CHE.lo.ambi.vege.wf.08,587
CHE.lo.ambi.vege.wf.07,298
CHE.lo.ambi.vege.wf.06,578
CHE.lo.ambi.vege.wf.10,225
CHE.lo.ambi.vege.wf.04,242
CHE.lo.ambi.vege.wf.01,347
CHE.lo.ambi.vege.wf.02,408
CHE.lo.ambi.vege.wf.05,307
CHE.lo.ambi.vege.wf.03,288
CHE.hi.ambi.vege.wf.02,37
CHE.hi.ambi.vege.nf.02,56
CHE.hi.warm.vege.nf.02,32
CHE.hi.warm.vege.wf.02,74
CHE.hi.ambi.vege.wf.03,52
CHE.hi.warm.vege.nf.03,137
CHE.hi.warm.vege.wf.03,48
CHE.hi.ambi.vege.nf.03,33
CHE.hi.warm.vege.wf.05,38
CHE.hi.ambi.vege.nf.05,76
CHE.hi.warm.vege.nf.05,76
CHE.hi.ambi.vege.wf.05,120
CHE.hi.warm.vege.wf.04,89
CHE.hi.warm.vege.wf.01,35
CHE.hi.warm.vege.nf.04,40
CHE.hi.ambi.vege.wf.04,56
CHE.hi.ambi.vege.nf.04,151
CHE.hi.ambi.vege.wf.01,52
CHE.hi.ambi.vege.wf.06,112
CHE.hi.ambi.vege.nf.06,45
CHE.hi.warm.vege.nf.06,83
CHE.hi.warm.vege.wf.06,49
CHE.hi.warm.vege.wf.07,84
CHE.hi.ambi.vege.wf.07,38
CHE.hi.ambi.vege.nf.08,77
CHE.hi.ambi.vege.wf.08,82
CHE.hi.warm.vege.nf.08,48
CHE.hi.warm.vege.wf.08,76
CHE.hi.warm.vege.nf.09,72
CHE.hi.ambi.vege.nf.09,82
CHE.hi.warm.vege.wf.09,117
CHE.hi.ambi.vege.wf.09,75
CHE.hi.warm.vege.nf.10,117
CHE.hi.ambi.vege.wf.10,106
CHE.hi.warm.vege.wf.10,50
CHE.hi.ambi.vege.nf.10,65
CHE.lo.ambi.vege.wf.09,392
CHE.lo.ambi.vege.wf.08,282
CHE.lo.ambi.vege.wf.07,232
CHE.lo.ambi.vege.wf.06,295
CHE.lo.ambi.vege.wf.10,204
CHE.lo.ambi.vege.wf.04,258
CHE.lo.ambi.vege.wf.01,253
CHE.lo.ambi.vege.wf.02,268
CHE.lo.ambi.vege.wf.05,316
CHE.lo.ambi.vege.wf.03,461
CHE.hi.ambi.vege.wf.02,31
CHE.hi.ambi.vege.nf.02,41
CHE.hi.warm.vege.nf.02,43
CHE.hi.warm.vege.wf.02,92
CHE.hi.ambi.vege.wf.03,60
CHE.hi.warm.vege.nf.03,93
CHE.hi.warm.vege.wf.03,42
CHE.hi.ambi.vege.nf.03,82
CHE.hi.warm.vege.wf.05,49
CHE.hi.ambi.vege.nf.05,84
CHE.hi.warm.vege.nf.05,136
CHE.hi.ambi.vege.wf.05,107
CHE.hi.warm.vege.wf.04,68
CHE.hi.warm.vege.wf.01,24
CHE.hi.warm.vege.nf.04,49
CHE.hi.ambi.vege.wf.04,80
CHE.hi.ambi.vege.nf.04,64
CHE.hi.ambi.vege.wf.01,115
CHE.hi.ambi.vege.wf.06,156
CHE.hi.ambi.vege.nf.06,222
CHE.hi.warm.vege.nf.06,52
CHE.hi.warm.vege.wf.06,42
CHE.hi.warm.vege.wf.07,57
CHE.hi.ambi.vege.wf.07,52
CHE.hi.ambi.vege.nf.08,50
CHE.hi.ambi.vege.wf.08,68
CHE.hi.warm.vege.nf.08,50
CHE.hi.warm.vege.wf.08,115
CHE.hi.warm.vege.nf.09,55
CHE.hi.ambi.vege.nf.09,49
CHE.hi.warm.vege.wf.09,68
CHE.hi.ambi.vege.wf.09,64
CHE.hi.warm.vege.nf.10,80
CHE.hi.ambi.vege.wf.10,61
CHE.hi.warm.vege.wf.10,78
CHE.hi.ambi.vege.nf.10,76
CHE.lo.ambi.vege.wf.09,190
CHE.lo.ambi.vege.wf.08,228
CHE.lo.ambi.vege.wf.07,310
CHE.lo.ambi.vege.wf.06,428
CHE.lo.ambi.vege.wf.10,256
CHE.lo.ambi.vege.wf.04,240
CHE.lo.ambi.vege.wf.01,364
CHE.lo.ambi.vege.wf.02,115
CHE.lo.ambi.vege.wf.05,482
CHE.lo.ambi.vege.wf.03,156
CHE.hi.ambi.vege.wf.02,49
CHE.hi.ambi.vege.nf.02,53
CHE.hi.warm.vege.nf.02,54
CHE.hi.warm.vege.wf.02,60
CHE.hi.ambi.vege.wf.03,79
CHE.hi.warm.vege.nf.03,68
CHE.hi.warm.vege.wf.03,111
CHE.hi.ambi.vege.nf.03,41
CHE.hi.warm.vege.wf.05,48
CHE.hi.ambi.vege.nf.05,81
CHE.hi.warm.vege.nf.05,168
CHE.hi.ambi.vege.wf.05,98
CHE.hi.warm.vege.wf.04,89
CHE.hi.warm.vege.wf.01,75
CHE.hi.warm.vege.nf.04,30
CHE.hi.ambi.vege.wf.04,70
CHE.hi.ambi.vege.nf.04,96
CHE.hi.ambi.vege.wf.01,148
CHE.hi.ambi.vege.wf.06,258
CHE.hi.ambi.vege.nf.06,72
CHE.hi.warm.vege.nf.06,70
CHE.hi.warm.vege.wf.06,48
CHE.hi.warm.vege.wf.07,88
CHE.hi.ambi.vege.wf.07,45
CHE.hi.ambi.vege.nf.08,21
CHE.hi.ambi.vege.wf.08,84
CHE.hi.warm.vege.nf.08,48
CHE.hi.warm.vege.wf.08,75
CHE.hi.warm.vege.nf.09,78
CHE.hi.ambi.vege.nf.09,45
CHE.hi.warm.vege.wf.09,82
CHE.hi.ambi.vege.wf.09,83
CHE.hi.warm.vege.nf.10,76
CHE.hi.ambi.vege.wf.10,117
CHE.hi.warm.vege.wf.10,84
CHE.hi.ambi.vege.nf.10,34
CHE.lo.ambi.vege.wf.09,280
CHE.lo.ambi.vege.wf.08,213
CHE.lo.ambi.vege.wf.07,583
CHE.lo.ambi.vege.wf.06,370
CHE.lo.ambi.vege.wf.10,318
CHE.lo.ambi.vege.wf.04,298
CHE.lo.ambi.vege.wf.01,302
CHE.lo.ambi.vege.wf.02,88
CHE.lo.ambi.vege.wf.05,414
CHE.lo.ambi.vege.wf.03,144
CHE.hi.ambi.vege.wf.02,72
CHE.hi.ambi.vege.nf.02,92
CHE.hi.warm.vege.nf.02,46
CHE.hi.warm.vege.wf.02,50
CHE.hi.ambi.vege.wf.03,89
CHE.hi.warm.vege.nf.03,118
CHE.hi.warm.vege.wf.03,114
CHE.hi.ambi.vege.nf.03,75
CHE.hi.warm.vege.wf.05,55
CHE.hi.ambi.vege.nf.05,60
CHE.hi.warm.vege.nf.05,68
CHE.hi.ambi.vege.wf.05,76
CHE.hi.warm.vege.wf.04,101
CHE.hi.warm.vege.wf.01,50
CHE.hi.warm.vege.nf.04,105
CHE.hi.ambi.vege.wf.04,83
CHE.hi.ambi.vege.nf.04,90
CHE.hi.ambi.vege.wf.01,120
CHE.hi.ambi.vege.wf.06,54
CHE.hi.ambi.vege.nf.06,70
CHE.hi.warm.vege.nf.06,70
CHE.hi.warm.vege.wf.06,64
CHE.hi.warm.vege.wf.07,92
CHE.hi.ambi.vege.wf.07,109
CHE.hi.ambi.vege.nf.08,26
CHE.hi.ambi.vege.wf.08,213
CHE.hi.warm.vege.nf.08,154
CHE.hi.warm.vege.wf.08,76
CHE.hi.warm.vege.nf.09,104
CHE.hi.ambi.vege.nf.09,57
CHE.hi.warm.vege.wf.09,68
CHE.hi.ambi.vege.wf.09,61
CHE.hi.warm.vege.nf.10,111
CHE.hi.ambi.vege.wf.10,118
CHE.hi.warm.vege.wf.10,35
CHE.hi.ambi.vege.nf.10,46
CHE.lo.ambi.vege.wf.09,263
CHE.lo.ambi.vege.wf.08,220
CHE.lo.ambi.vege.wf.07,552
CHE.lo.ambi.vege.wf.06,168
CHE.lo.ambi.vege.wf.10,658
CHE.lo.ambi.vege.wf.04,307
CHE.lo.ambi.vege.wf.01,631
CHE.lo.ambi.vege.wf.02,149
CHE.lo.ambi.vege.wf.05,167
CHE.lo.ambi.vege.wf.03,123
CHE.hi.ambi.vege.wf.02,41
CHE.hi.ambi.vege.nf.02,95
CHE.hi.warm.vege.nf.02,62
CHE.hi.warm.vege.wf.02,38
CHE.hi.ambi.vege.wf.03,242
CHE.hi.warm.vege.nf.03,100
CHE.hi.warm.vege.wf.03,63
CHE.hi.ambi.vege.nf.03,117
CHE.hi.warm.vege.wf.05,74
CHE.hi.ambi.vege.nf.05,121
CHE.hi.warm.vege.nf.05,89
CHE.hi.ambi.vege.wf.05,78
CHE.hi.warm.vege.wf.04,62
CHE.hi.warm.vege.wf.01,84
CHE.hi.warm.vege.nf.04,71
CHE.hi.ambi.vege.wf.04,158
CHE.hi.ambi.vege.nf.04,104
CHE.hi.ambi.vege.wf.01,78
CHE.hi.ambi.vege.wf.06,89
CHE.hi.ambi.vege.nf.06,52
CHE.hi.warm.vege.nf.06,48
CHE.hi.warm.vege.wf.06,65
CHE.hi.warm.vege.wf.07,65
CHE.hi.ambi.vege.wf.07,50
CHE.hi.ambi.vege.nf.08,52
CHE.hi.ambi.vege.wf.08,171
CHE.hi.warm.vege.nf.08,86
CHE.hi.warm.vege.wf.08,122
CHE.hi.warm.vege.nf.09,68
CHE.hi.ambi.vege.nf.09,80
CHE.hi.warm.vege.wf.09,28
CHE.hi.ambi.vege.wf.09,280
CHE.hi.warm.vege.nf.10,105
CHE.hi.ambi.vege.wf.10,158
CHE.hi.warm.vege.wf.10,62
CHE.hi.ambi.vege.nf.10,40
CHE.lo.ambi.vege.wf.09,392
CHE.lo.ambi.vege.wf.08,250
CHE.lo.ambi.vege.wf.07,215
CHE.lo.ambi.vege.wf.06,206
CHE.lo.ambi.vege.wf.10,538
CHE.lo.ambi.vege.wf.04,350
CHE.lo.ambi.vege.wf.01,454
CHE.lo.ambi.vege.wf.02,192
CHE.lo.ambi.vege.wf.05,532
CHE.lo.ambi.vege.wf.03,190
CHE.hi.ambi.vege.wf.02,51
CHE.hi.ambi.vege.nf.02,23
CHE.hi.warm.vege.nf.02,91
CHE.hi.warm.vege.wf.02,58
CHE.hi.ambi.vege.wf.03,99
CHE.hi.warm.vege.nf.03,106
CHE.hi.warm.vege.wf.03,100
CHE.hi.ambi.vege.nf.03,18
CHE.hi.warm.vege.wf.05,79
CHE.hi.ambi.vege.nf.05,80
CHE.hi.warm.vege.nf.05,88
CHE.hi.ambi.vege.wf.05,65
CHE.hi.warm.vege.wf.04,54
CHE.hi.warm.vege.wf.01,32
CHE.hi.warm.vege.nf.04,62
CHE.hi.ambi.vege.wf.04,58
CHE.hi.ambi.vege.nf.04,105
CHE.hi.ambi.vege.wf.01,167
CHE.hi.ambi.vege.wf.06,86
CHE.hi.ambi.vege.nf.06,75
CHE.hi.warm.vege.nf.06,72
CHE.hi.warm.vege.wf.06,47
CHE.hi.warm.vege.wf.07,61
CHE.hi.ambi.vege.wf.07,38
CHE.hi.ambi.vege.nf.08,48
CHE.hi.ambi.vege.wf.08,58
CHE.hi.warm.vege.nf.08,58
CHE.hi.warm.vege.wf.08,83
CHE.hi.warm.vege.nf.09,45
CHE.hi.ambi.vege.nf.09,25
CHE.hi.warm.vege.wf.09,49
CHE.hi.ambi.vege.wf.09,71
CHE.hi.warm.vege.nf.10,80
CHE.hi.ambi.vege.wf.10,137
CHE.hi.warm.vege.wf.10,98
CHE.hi.ambi.vege.nf.10,39
CHE.lo.ambi.vege.wf.09,275
CHE.lo.ambi.vege.wf.08,388
CHE.lo.ambi.vege.wf.07,653
CHE.lo.ambi.vege.wf.06,492
CHE.lo.ambi.vege.wf.10,377
CHE.lo.ambi.vege.wf.04,274
CHE.lo.ambi.vege.wf.01,558
CHE.lo.ambi.vege.wf.02,494
CHE.lo.ambi.vege.wf.05,241
CHE.lo.ambi.vege.wf.03,595
CHE.hi.ambi.vege.wf.02,60
CHE.hi.ambi.vege.nf.02,59
CHE.hi.warm.vege.nf.02,52
CHE.hi.warm.vege.wf.02,137
CHE.hi.ambi.vege.wf.03,134
CHE.hi.warm.vege.nf.03,69
CHE.hi.warm.vege.wf.03,52
CHE.hi.ambi.vege.nf.03,74
CHE.hi.warm.vege.wf.05,49
CHE.hi.ambi.vege.nf.05,34
CHE.hi.warm.vege.nf.05,72
CHE.hi.ambi.vege.wf.05,58
CHE.hi.warm.vege.wf.04,42
CHE.hi.warm.vege.wf.01,60
CHE.hi.warm.vege.nf.04,50
CHE.hi.ambi.vege.wf.04,34
CHE.hi.ambi.vege.nf.04,186
CHE.hi.ambi.vege.wf.01,90
CHE.hi.ambi.vege.wf.06,87
CHE.hi.ambi.vege.nf.06,55
CHE.hi.warm.vege.nf.06,69
CHE.hi.warm.vege.wf.06,58
CHE.hi.warm.vege.wf.07,65
CHE.hi.ambi.vege.wf.07,40
CHE.hi.ambi.vege.nf.08,20
CHE.hi.ambi.vege.wf.08,81
CHE.hi.warm.vege.nf.08,86
CHE.hi.warm.vege.wf.08,50
CHE.hi.warm.vege.nf.09,55
CHE.hi.ambi.vege.nf.09,106
CHE.hi.warm.vege.wf.09,98
CHE.hi.ambi.vege.wf.09,56
CHE.hi.warm.vege.nf.10,61
CHE.hi.ambi.vege.wf.10,134
CHE.hi.warm.vege.wf.10,81
CHE.hi.ambi.vege.nf.10,71
CHE.lo.ambi.vege.wf.09,455
CHE.lo.ambi.vege.wf.08,394
CHE.lo.ambi.vege.wf.07,115
CHE.lo.ambi.vege.wf.06,492
CHE.lo.ambi.vege.wf.10,198
CHE.lo.ambi.vege.wf.04,260
CHE.lo.ambi.vege.wf.01,387
CHE.lo.ambi.vege.wf.02,162
CHE.lo.ambi.vege.wf.05,95
CHE.lo.ambi.vege.wf.03,159
CHE.hi.ambi.vege.wf.02,45
CHE.hi.ambi.vege.nf.02,184
CHE.hi.warm.vege.nf.02,28
CHE.hi.warm.vege.wf.02,168
CHE.hi.ambi.vege.wf.03,105
CHE.hi.warm.vege.nf.03,59
CHE.hi.warm.vege.wf.03,73
CHE.hi.ambi.vege.nf.03,72
CHE.hi.warm.vege.wf.05,63
CHE.hi.ambi.vege.nf.05,180
CHE.hi.warm.vege.nf.05,91
CHE.hi.ambi.vege.wf.05,108
CHE.hi.warm.vege.wf.04,71
CHE.hi.warm.vege.wf.01,130
CHE.hi.warm.vege.nf.04,40
CHE.hi.ambi.vege.wf.04,102
CHE.hi.ambi.vege.nf.04,117
CHE.hi.ambi.vege.wf.01,131
CHE.hi.ambi.vege.wf.06,49
CHE.hi.ambi.vege.nf.06,63
CHE.hi.warm.vege.nf.06,23
CHE.hi.warm.vege.wf.06,50
CHE.hi.warm.vege.wf.07,111
CHE.hi.ambi.vege.wf.07,50
CHE.hi.ambi.vege.nf.08,47
CHE.hi.ambi.vege.wf.08,59
CHE.hi.warm.vege.nf.08,28
CHE.hi.warm.vege.wf.08,82
CHE.hi.warm.vege.nf.09,42
CHE.hi.ambi.vege.nf.09,49
CHE.hi.warm.vege.wf.09,52
CHE.hi.ambi.vege.wf.09,99
CHE.hi.warm.vege.nf.10,35
CHE.hi.ambi.vege.wf.10,234
CHE.hi.warm.vege.wf.10,112
CHE.hi.ambi.vege.nf.10,65
CHE.lo.ambi.vege.wf.09,149
CHE.lo.ambi.vege.wf.08,230
CHE.lo.ambi.vege.wf.07,368
CHE.lo.ambi.vege.wf.06,195
CHE.lo.ambi.vege.wf.10,554
CHE.lo.ambi.vege.wf.04,368
CHE.lo.ambi.vege.wf.01,203
CHE.lo.ambi.vege.wf.02,145
CHE.lo.ambi.vege.wf.05,387
CHE.lo.ambi.vege.wf.03,478
CHE.hi.ambi.vege.wf.02,90
CHE.hi.ambi.vege.nf.02,60
CHE.hi.warm.vege.nf.02,10
CHE.hi.warm.vege.wf.02,75
CHE.hi.ambi.vege.wf.03,106
CHE.hi.warm.vege.nf.03,22
CHE.hi.warm.vege.wf.03,78
CHE.hi.ambi.vege.nf.03,70
CHE.hi.warm.vege.wf.05,49
CHE.hi.ambi.vege.nf.05,39
CHE.hi.warm.vege.nf.05,106
CHE.hi.ambi.vege.wf.05,159
CHE.hi.warm.vege.wf.04,25
CHE.hi.warm.vege.wf.01,94
CHE.hi.warm.vege.nf.04,58
CHE.hi.ambi.vege.wf.04,121
CHE.hi.ambi.vege.nf.04,222
CHE.hi.ambi.vege.wf.01,64
CHE.hi.ambi.vege.wf.06,147
CHE.hi.ambi.vege.nf.06,101
CHE.hi.warm.vege.nf.06,15
CHE.hi.warm.vege.wf.06,72
CHE.hi.warm.vege.wf.07,89
CHE.hi.ambi.vege.wf.07,54
CHE.hi.ambi.vege.nf.08,79
CHE.hi.ambi.vege.wf.08,69
CHE.hi.warm.vege.nf.08,35
CHE.hi.warm.vege.wf.08,87
CHE.hi.warm.vege.nf.09,33
CHE.hi.ambi.vege.nf.09,55
CHE.hi.warm.vege.wf.09,161
CHE.hi.ambi.vege.wf.09,48
CHE.hi.warm.vege.nf.10,24
CHE.hi.ambi.vege.wf.10,73
CHE.hi.warm.vege.wf.10,34
CHE.hi.ambi.vege.nf.10,80
CHE.lo.ambi.vege.wf.09,448
CHE.lo.ambi.vege.wf.08,252
CHE.lo.ambi.vege.wf.07,210
CHE.lo.ambi.vege.wf.06,254
CHE.lo.ambi.vege.wf.10,202
CHE.lo.ambi.vege.wf.04,528
CHE.lo.ambi.vege.wf.01,466
CHE.lo.ambi.vege.wf.02,200
CHE.lo.ambi.vege.wf.05,158
CHE.lo.ambi.vege.wf.03,311
CHE.hi.ambi.vege.wf.02,151
CHE.hi.ambi.vege.nf.02,55
CHE.hi.warm.vege.nf.02,51
CHE.hi.warm.vege.wf.02,79
CHE.hi.ambi.vege.wf.03,55
CHE.hi.warm.vege.nf.03,65
CHE.hi.warm.vege.wf.03,80
CHE.hi.ambi.vege.nf.03,150
CHE.hi.warm.vege.wf.05,62
CHE.hi.ambi.vege.nf.05,120
CHE.hi.warm.vege.nf.05,109
CHE.hi.ambi.vege.wf.05,141
CHE.hi.warm.vege.wf.04,91
CHE.hi.warm.vege.wf.01,68
CHE.hi.warm.vege.nf.04,38
CHE.hi.ambi.vege.wf.04,88
CHE.hi.ambi.vege.nf.04,62
CHE.hi.ambi.vege.wf.01,65
CHE.hi.ambi.vege.wf.06,176
CHE.hi.ambi.vege.nf.06,98
CHE.hi.warm.vege.nf.06,20
CHE.hi.warm.vege.wf.06,48
CHE.hi.warm.vege.wf.07,72
CHE.hi.ambi.vege.wf.07,71
CHE.hi.ambi.vege.nf.08,91
CHE.hi.ambi.vege.wf.08,51
CHE.hi.warm.vege.nf.08,48
CHE.hi.warm.vege.wf.08,168
CHE.hi.warm.vege.nf.09,25
CHE.hi.ambi.vege.nf.09,92
CHE.hi.warm.vege.wf.09,64
CHE.hi.ambi.vege.wf.09,94
CHE.hi.warm.vege.nf.10,79
CHE.hi.ambi.vege.wf.10,198
CHE.hi.warm.vege.wf.10,102
CHE.hi.ambi.vege.nf.10,76
CHE.lo.ambi.vege.wf.09,352
CHE.lo.ambi.vege.wf.08,387
CHE.lo.ambi.vege.wf.07,360
CHE.lo.ambi.vege.wf.06,248
CHE.lo.ambi.vege.wf.10,240
CHE.lo.ambi.vege.wf.04,462
CHE.lo.ambi.vege.wf.01,472
CHE.lo.ambi.vege.wf.02,105
CHE.lo.ambi.vege.wf.05,567
CHE.lo.ambi.vege.wf.03,283
CHE.hi.ambi.vege.wf.02,38
CHE.hi.ambi.vege.nf.02,76
CHE.hi.warm.vege.nf.02,21
CHE.hi.warm.vege.wf.02,58
CHE.hi.ambi.vege.wf.03,80
CHE.hi.warm.vege.nf.03,42
CHE.hi.warm.vege.wf.03,67
CHE.hi.ambi.vege.nf.03,123
CHE.hi.warm.vege.wf.05,80
CHE.hi.ambi.vege.nf.05,90
CHE.hi.warm.vege.nf.05,60
CHE.hi.ambi.vege.wf.05,85
CHE.hi.warm.vege.wf.04,121
CHE.hi.warm.vege.wf.01,109
CHE.hi.warm.vege.nf.04,52
CHE.hi.ambi.vege.wf.04,165
CHE.hi.ambi.vege.nf.04,96
CHE.hi.ambi.vege.wf.01,91
CHE.hi.ambi.vege.wf.06,71
CHE.hi.ambi.vege.nf.06,63
CHE.hi.warm.vege.nf.06,56
CHE.hi.warm.vege.wf.06,90
CHE.hi.warm.vege.wf.07,80
CHE.hi.ambi.vege.wf.07,41
CHE.hi.ambi.vege.nf.08,86
CHE.hi.ambi.vege.wf.08,63
CHE.hi.warm.vege.nf.08,34
CHE.hi.warm.vege.wf.08,108
CHE.hi.warm.vege.nf.09,67
CHE.hi.ambi.vege.nf.09,296
CHE.hi.warm.vege.wf.09,75
CHE.hi.ambi.vege.wf.09,91
CHE.hi.warm.vege.nf.10,95
CHE.hi.ambi.vege.wf.10,124
CHE.hi.warm.vege.wf.10,100
CHE.hi.ambi.vege.nf.10,88
CHE.lo.ambi.vege.wf.09,250
CHE.lo.ambi.vege.wf.08,324
CHE.lo.ambi.vege.wf.07,292
CHE.lo.ambi.vege.wf.06,432
CHE.lo.ambi.vege.wf.10,178
CHE.lo.ambi.vege.wf.04,422
CHE.lo.ambi.vege.wf.01,361
CHE.lo.ambi.vege.wf.02,214
CHE.lo.ambi.vege.wf.05,352
CHE.lo.ambi.vege.wf.03,481
CHE.hi.ambi.vege.wf.02,130
CHE.hi.ambi.vege.nf.02,65
CHE.hi.warm.vege.nf.02,48
CHE.hi.warm.vege.wf.02,59
CHE.hi.ambi.vege.wf.03,58
CHE.hi.warm.vege.nf.03,31
CHE.hi.warm.vege.wf.03,55
CHE.hi.ambi.vege.nf.03,59
CHE.hi.warm.vege.wf.05,96
CHE.hi.ambi.vege.nf.05,51
CHE.hi.warm.vege.nf.05,66
CHE.hi.ambi.vege.wf.05,54
CHE.hi.warm.vege.wf.04,42
CHE.hi.warm.vege.wf.01,62
CHE.hi.warm.vege.nf.04,52
CHE.hi.ambi.vege.wf.04,194
CHE.hi.ambi.vege.nf.04,65
CHE.hi.ambi.vege.wf.01,128
CHE.hi.ambi.vege.wf.06,75
CHE.hi.ambi.vege.nf.06,104
CHE.hi.warm.vege.nf.06,54
CHE.hi.warm.vege.wf.06,40
CHE.hi.warm.vege.wf.07,50
CHE.hi.ambi.vege.wf.07,49
CHE.hi.ambi.vege.nf.08,52
CHE.hi.ambi.vege.wf.08,118
CHE.hi.warm.vege.nf.08,52
CHE.hi.warm.vege.wf.08,74
CHE.hi.warm.vege.nf.09,41
CHE.hi.ambi.vege.nf.09,64
CHE.hi.warm.vege.wf.09,65
CHE.hi.ambi.vege.wf.09,66
CHE.hi.warm.vege.nf.10,42
CHE.hi.ambi.vege.wf.10,222
CHE.hi.warm.vege.wf.10,76
CHE.hi.ambi.vege.nf.10,54
CHE.lo.ambi.vege.wf.09,138
CHE.lo.ambi.vege.wf.08,190
CHE.lo.ambi.vege.wf.07,278
CHE.lo.ambi.vege.wf.06,454
CHE.lo.ambi.vege.wf.10,665
CHE.lo.ambi.vege.wf.04,354
CHE.lo.ambi.vege.wf.01,275
CHE.lo.ambi.vege.wf.02,136
CHE.lo.ambi.vege.wf.05,500
CHE.lo.ambi.vege.wf.03,90
CHE.hi.ambi.vege.wf.02,60
CHE.hi.ambi.vege.nf.02,188
CHE.hi.warm.vege.nf.02,47
CHE.hi.warm.vege.wf.02,50
CHE.hi.ambi.vege.wf.03,72
CHE.hi.warm.vege.nf.03,144
CHE.hi.warm.vege.wf.03,79
CHE.hi.ambi.vege.nf.03,84
CHE.hi.warm.vege.wf.05,73
CHE.hi.ambi.vege.nf.05,70
CHE.hi.warm.vege.nf.05,32
CHE.hi.ambi.vege.wf.05,63
CHE.hi.warm.vege.wf.04,100
CHE.hi.warm.vege.wf.01,34
CHE.hi.warm.vege.nf.04,60
CHE.hi.ambi.vege.wf.04,150
CHE.hi.ambi.vege.nf.04,85
CHE.hi.ambi.vege.wf.01,134
CHE.hi.ambi.vege.wf.06,69
CHE.hi.ambi.vege.nf.06,74
CHE.hi.warm.vege.nf.06,10
CHE.hi.warm.vege.wf.06,38
CHE.hi.warm.vege.wf.07,62
CHE.hi.ambi.vege.wf.07,81
CHE.hi.ambi.vege.nf.08,92
CHE.hi.ambi.vege.wf.08,83
CHE.hi.warm.vege.nf.08,65
CHE.hi.warm.vege.wf.08,58
CHE.hi.warm.vege.nf.09,49
CHE.hi.ambi.vege.nf.09,52
CHE.hi.warm.vege.wf.09,71
CHE.hi.ambi.vege.wf.09,52
CHE.hi.warm.vege.nf.10,56
CHE.hi.ambi.vege.wf.10,109
CHE.hi.warm.vege.wf.10,54
CHE.hi.ambi.vege.nf.10,106
CHE.lo.ambi.vege.wf.09,243
CHE.lo.ambi.vege.wf.08,210
CHE.lo.ambi.vege.wf.07,545
CHE.lo.ambi.vege.wf.06,482
CHE.lo.ambi.vege.wf.10,215
CHE.lo.ambi.vege.wf.04,337
CHE.lo.ambi.vege.wf.01,414
CHE.lo.ambi.vege.wf.02,591
CHE.lo.ambi.vege.wf.05,377
CHE.lo.ambi.vege.wf.03,142
CHE.hi.ambi.vege.wf.02,59
CHE.hi.ambi.vege.nf.02,302
CHE.hi.warm.vege.nf.02,48
CHE.hi.warm.vege.wf.02,68
CHE.hi.ambi.vege.wf.03,55
CHE.hi.warm.vege.nf.03,71
CHE.hi.warm.vege.wf.03,87
CHE.hi.ambi.vege.nf.03,51
CHE.hi.warm.vege.wf.05,100
CHE.hi.ambi.vege.nf.05,58
CHE.hi.warm.vege.nf.05,86
CHE.hi.ambi.vege.wf.05,87
CHE.hi.warm.vege.wf.04,47
CHE.hi.warm.vege.wf.01,22
CHE.hi.warm.vege.nf.04,68
CHE.hi.ambi.vege.wf.04,87
CHE.hi.ambi.vege.nf.04,52
CHE.hi.ambi.vege.wf.01,187
CHE.hi.ambi.vege.wf.06,102
CHE.hi.ambi.vege.nf.06,140
CHE.hi.warm.vege.nf.06,13
CHE.hi.warm.vege.wf.06,37
CHE.hi.warm.vege.wf.07,15
CHE.hi.ambi.vege.wf.07,48
CHE.hi.ambi.vege.nf.08,49
CHE.hi.ambi.vege.wf.08,62
CHE.hi.warm.vege.nf.08,51
CHE.hi.warm.vege.wf.08,54
CHE.hi.warm.vege.nf.09,20
CHE.hi.ambi.vege.nf.09,49
CHE.hi.warm.vege.wf.09,40
CHE.hi.ambi.vege.wf.09,63
CHE.hi.warm.vege.nf.10,66
CHE.hi.ambi.vege.wf.10,90
CHE.hi.warm.vege.wf.10,50
CHE.hi.ambi.vege.nf.10,86
CHE.lo.ambi.vege.wf.09,480
CHE.lo.ambi.vege.wf.08,175
CHE.lo.ambi.vege.wf.07,400
CHE.lo.ambi.vege.wf.06,282
CHE.lo.ambi.vege.wf.10,191
CHE.lo.ambi.vege.wf.04,494
CHE.lo.ambi.vege.wf.01,222
CHE.lo.ambi.vege.wf.02,319
CHE.lo.ambi.vege.wf.05,468
CHE.lo.ambi.vege.wf.03,415
CHE.hi.ambi.vege.wf.02,54
CHE.hi.ambi.vege.nf.02,55
CHE.hi.warm.vege.nf.02,53
CHE.hi.warm.vege.wf.02,48
CHE.hi.ambi.vege.wf.03,56
CHE.hi.warm.vege.nf.03,41
CHE.hi.warm.vege.wf.03,8
CHE.hi.ambi.vege.nf.03,123
CHE.hi.warm.vege.wf.05,50
CHE.hi.ambi.vege.nf.05,44
CHE.hi.warm.vege.nf.05,84
CHE.hi.ambi.vege.wf.05,98
CHE.hi.warm.vege.wf.04,59
CHE.hi.warm.vege.wf.01,44
CHE.hi.warm.vege.nf.04,55
CHE.hi.ambi.vege.wf.04,70
CHE.hi.ambi.vege.nf.04,61
CHE.hi.ambi.vege.wf.01,212
CHE.hi.ambi.vege.wf.06,58
CHE.hi.ambi.vege.nf.06,141
CHE.hi.warm.vege.nf.06,21
CHE.hi.warm.vege.wf.06,51
CHE.hi.warm.vege.wf.07,27
CHE.hi.ambi.vege.wf.07,50
CHE.hi.ambi.vege.nf.08,34
CHE.hi.ambi.vege.wf.08,290
CHE.hi.warm.vege.nf.08,40
CHE.hi.warm.vege.wf.08,38
CHE.hi.warm.vege.nf.09,58
CHE.hi.ambi.vege.nf.09,54
CHE.hi.warm.vege.wf.09,101
CHE.hi.ambi.vege.wf.09,64
CHE.hi.warm.vege.nf.10,57
CHE.hi.ambi.vege.wf.10,213
CHE.hi.warm.vege.wf.10,80
CHE.hi.ambi.vege.nf.10,114
CHE.lo.ambi.vege.wf.09,190
CHE.lo.ambi.vege.wf.08,165
CHE.lo.ambi.vege.wf.07,185
CHE.lo.ambi.vege.wf.06,187
CHE.lo.ambi.vege.wf.10,214
CHE.lo.ambi.vege.wf.04,484
CHE.lo.ambi.vege.wf.01,235
CHE.lo.ambi.vege.wf.02,103
CHE.lo.ambi.vege.wf.05,308
CHE.lo.ambi.vege.wf.03,187
CHE.hi.ambi.vege.wf.02,86
CHE.hi.ambi.vege.nf.02,92
CHE.hi.warm.vege.nf.02,40
CHE.hi.warm.vege.wf.02,82
CHE.hi.ambi.vege.wf.03,99
CHE.hi.warm.vege.nf.03,28
CHE.hi.warm.vege.wf.03,44
CHE.hi.ambi.vege.nf.03,36
CHE.hi.warm.vege.wf.05,11
CHE.hi.ambi.vege.nf.05,63
CHE.hi.warm.vege.nf.05,31
CHE.hi.ambi.vege.wf.05,109
CHE.hi.warm.vege.wf.04,112
CHE.hi.warm.vege.wf.01,52
CHE.hi.warm.vege.nf.04,18
CHE.hi.ambi.vege.wf.04,101
CHE.hi.ambi.vege.nf.04,76
CHE.hi.ambi.vege.wf.01,130
CHE.hi.ambi.vege.wf.06,39
CHE.hi.ambi.vege.nf.06,45
CHE.hi.warm.vege.nf.06,82
CHE.hi.warm.vege.wf.06,49
CHE.hi.warm.vege.wf.07,93
CHE.hi.ambi.vege.wf.07,49
CHE.hi.ambi.vege.nf.08,90
CHE.hi.ambi.vege.wf.08,118
CHE.hi.warm.vege.nf.08,48
CHE.hi.warm.vege.wf.08,35
CHE.hi.warm.vege.nf.09,108
CHE.hi.ambi.vege.nf.09,38
CHE.hi.warm.vege.wf.09,91
CHE.hi.ambi.vege.wf.09,58
CHE.hi.warm.vege.nf.10,106
CHE.hi.ambi.vege.wf.10,101
CHE.hi.warm.vege.wf.10,52
CHE.hi.ambi.vege.nf.10,39
CHE.lo.ambi.vege.wf.09,292
CHE.lo.ambi.vege.wf.08,414
CHE.lo.ambi.vege.wf.07,208
CHE.lo.ambi.vege.wf.06,317
CHE.lo.ambi.vege.wf.10,210
CHE.lo.ambi.vege.wf.04,654
CHE.lo.ambi.vege.wf.01,430
CHE.lo.ambi.vege.wf.02,105
CHE.lo.ambi.vege.wf.05,572
CHE.lo.ambi.vege.wf.03,411
CHE.hi.ambi.vege.wf.02,86
CHE.hi.ambi.vege.nf.02,183
CHE.hi.warm.vege.nf.02,43
CHE.hi.warm.vege.wf.02,127
CHE.hi.ambi.vege.wf.03,47
CHE.hi.warm.vege.nf.03,21
CHE.hi.warm.vege.wf.03,11
CHE.hi.ambi.vege.nf.03,110
CHE.hi.warm.vege.wf.05,79
CHE.hi.ambi.vege.nf.05,62
CHE.hi.warm.vege.nf.05,60
CHE.hi.ambi.vege.wf.05,89
CHE.hi.warm.vege.wf.04,26
CHE.hi.warm.vege.wf.01,75
CHE.hi.warm.vege.nf.04,62
CHE.hi.ambi.vege.wf.04,72
CHE.hi.ambi.vege.nf.04,77
CHE.hi.ambi.vege.wf.01,71
CHE.hi.ambi.vege.wf.06,60
CHE.hi.ambi.vege.nf.06,85
CHE.hi.warm.vege.nf.06,33
CHE.hi.warm.vege.wf.06,132
CHE.hi.warm.vege.wf.07,145
CHE.hi.ambi.vege.wf.07,68
CHE.hi.ambi.vege.nf.08,41
CHE.hi.ambi.vege.wf.08,166
CHE.hi.warm.vege.nf.08,12
CHE.hi.warm.vege.wf.08,97
CHE.hi.warm.vege.nf.09,86
CHE.hi.ambi.vege.nf.09,81
CHE.hi.warm.vege.wf.09,79
CHE.hi.ambi.vege.wf.09,155
CHE.hi.warm.vege.nf.10,45
CHE.hi.ambi.vege.wf.10,79
CHE.hi.warm.vege.wf.10,74
CHE.hi.ambi.vege.nf.10,52
CHE.lo.ambi.vege.wf.09,588
CHE.lo.ambi.vege.wf.08,150
CHE.lo.ambi.vege.wf.07,172
CHE.lo.ambi.vege.wf.06,218
CHE.lo.ambi.vege.wf.10,193
CHE.lo.ambi.vege.wf.04,570
CHE.lo.ambi.vege.wf.01,478
CHE.lo.ambi.vege.wf.02,308
CHE.lo.ambi.vege.wf.05,561
CHE.lo.ambi.vege.wf.03,475
CHE.hi.ambi.vege.wf.02,223
CHE.hi.ambi.vege.nf.02,55
CHE.hi.warm.vege.nf.02,12
CHE.hi.warm.vege.wf.02,63
CHE.hi.ambi.vege.wf.03,166
CHE.hi.warm.vege.nf.03,88
CHE.hi.warm.vege.wf.03,50
CHE.hi.ambi.vege.nf.03,66
CHE.hi.warm.vege.wf.05,40
CHE.hi.ambi.vege.nf.05,51
CHE.hi.warm.vege.nf.05,100
CHE.hi.ambi.vege.wf.05,126
CHE.hi.warm.vege.wf.04,81
CHE.hi.warm.vege.wf.01,112
CHE.hi.warm.vege.nf.04,98
CHE.hi.ambi.vege.wf.04,50
CHE.hi.ambi.vege.nf.04,160
CHE.hi.ambi.vege.wf.01,224
CHE.hi.ambi.vege.wf.06,90
CHE.hi.ambi.vege.nf.06,64
CHE.hi.warm.vege.nf.06,44
CHE.hi.warm.vege.wf.06,37
CHE.hi.warm.vege.wf.07,38
CHE.hi.ambi.vege.wf.07,70
CHE.hi.ambi.vege.nf.08,107
CHE.hi.ambi.vege.wf.08,58
CHE.hi.warm.vege.nf.08,41
CHE.hi.warm.vege.wf.08,96
CHE.hi.warm.vege.nf.09,35
CHE.hi.ambi.vege.nf.09,51
CHE.hi.warm.vege.wf.09,92
CHE.hi.ambi.vege.wf.09,89
CHE.hi.warm.vege.nf.10,46
CHE.hi.ambi.vege.wf.10,128
CHE.hi.warm.vege.wf.10,107
CHE.hi.ambi.vege.nf.10,85
CHE.lo.ambi.vege.wf.09,249
CHE.lo.ambi.vege.wf.08,142
CHE.lo.ambi.vege.wf.07,212
CHE.lo.ambi.vege.wf.06,183
CHE.lo.ambi.vege.wf.10,152
CHE.lo.ambi.vege.wf.04,388
CHE.lo.ambi.vege.wf.01,364
CHE.lo.ambi.vege.wf.02,334
CHE.lo.ambi.vege.wf.05,219
CHE.lo.ambi.vege.wf.03,609
CHE.hi.ambi.vege.wf.02,75
CHE.hi.ambi.vege.nf.02,318
CHE.hi.warm.vege.nf.02,48
CHE.hi.warm.vege.wf.02,140
CHE.hi.ambi.vege.wf.03,55
CHE.hi.warm.vege.nf.03,15
CHE.hi.warm.vege.wf.03,72
CHE.hi.ambi.vege.nf.03,79
CHE.hi.warm.vege.wf.05,92
CHE.hi.ambi.vege.nf.05,157
CHE.hi.warm.vege.nf.05,58
CHE.hi.ambi.vege.wf.05,81
CHE.hi.warm.vege.wf.04,53
CHE.hi.warm.vege.wf.01,71
CHE.hi.warm.vege.nf.04,38
CHE.hi.ambi.vege.wf.04,112
CHE.hi.ambi.vege.nf.04,62
CHE.hi.ambi.vege.wf.01,232
CHE.hi.ambi.vege.wf.06,85
CHE.hi.ambi.vege.nf.06,62
CHE.hi.warm.vege.nf.06,30
CHE.hi.warm.vege.wf.06,51
CHE.hi.warm.vege.wf.07,64
CHE.hi.ambi.vege.wf.07,40
CHE.hi.ambi.vege.nf.08,62
CHE.hi.ambi.vege.wf.08,62
CHE.hi.warm.vege.nf.08,42
CHE.hi.warm.vege.wf.08,88
CHE.hi.warm.vege.nf.09,25
CHE.hi.ambi.vege.nf.09,32
CHE.hi.warm.vege.wf.09,182
CHE.hi.ambi.vege.wf.09,86
CHE.hi.warm.vege.nf.10,58
CHE.hi.ambi.vege.wf.10,170
CHE.hi.warm.vege.wf.10,81
CHE.hi.ambi.vege.nf.10,79
CHE.lo.ambi.vege.wf.09,332
CHE.lo.ambi.vege.wf.08,230
CHE.lo.ambi.vege.wf.07,204
CHE.lo.ambi.vege.wf.06,155
CHE.lo.ambi.vege.wf.10,218
CHE.lo.ambi.vege.wf.04,543
CHE.lo.ambi.vege.wf.01,437
CHE.lo.ambi.vege.wf.02,146
CHE.lo.ambi.vege.wf.05,236
CHE.lo.ambi.vege.wf.03,471
CHE.hi.ambi.vege.wf.02,115
CHE.hi.ambi.vege.nf.02,91
CHE.hi.warm.vege.nf.02,35
CHE.hi.warm.vege.wf.02,12
CHE.hi.ambi.vege.wf.03,107
CHE.hi.warm.vege.nf.03,98
CHE.hi.warm.vege.wf.03,68
CHE.hi.ambi.vege.nf.03,109
CHE.hi.warm.vege.wf.05,107
CHE.hi.ambi.vege.nf.05,80
CHE.hi.warm.vege.nf.05,63
CHE.hi.ambi.vege.wf.05,109
CHE.hi.warm.vege.wf.04,104
CHE.hi.warm.vege.wf.01,148
CHE.hi.warm.vege.nf.04,40
CHE.hi.ambi.vege.wf.04,108
CHE.hi.ambi.vege.nf.04,109
CHE.hi.ambi.vege.wf.01,160
CHE.hi.ambi.vege.wf.06,134
CHE.hi.ambi.vege.nf.06,64
CHE.hi.warm.vege.nf.06,50
CHE.hi.warm.vege.wf.06,31
CHE.hi.warm.vege.wf.07,89
CHE.hi.ambi.vege.wf.07,29
CHE.hi.ambi.vege.nf.08,51
CHE.hi.ambi.vege.wf.08,102
CHE.hi.warm.vege.nf.08,54
CHE.hi.warm.vege.wf.08,47
CHE.hi.warm.vege.nf.09,14
CHE.hi.ambi.vege.nf.09,20
CHE.hi.warm.vege.wf.09,76
CHE.hi.ambi.vege.wf.09,70
CHE.hi.warm.vege.nf.10,74
CHE.hi.ambi.vege.wf.10,45
CHE.hi.warm.vege.wf.10,115
CHE.hi.ambi.vege.nf.10,176
CHE.lo.ambi.vege.wf.09,324
CHE.lo.ambi.vege.wf.08,200
CHE.lo.ambi.vege.wf.07,225
CHE.lo.ambi.vege.wf.06,315
CHE.lo.ambi.vege.wf.10,111
CHE.lo.ambi.vege.wf.04,550
CHE.lo.ambi.vege.wf.01,122
CHE.lo.ambi.vege.wf.02,249
CHE.lo.ambi.vege.wf.05,277
CHE.lo.ambi.vege.wf.03,502
CHE.hi.ambi.vege.wf.02,105
CHE.hi.ambi.vege.nf.02,133
CHE.hi.warm.vege.nf.02,51
CHE.hi.warm.vege.wf.02,34
CHE.hi.ambi.vege.wf.03,49
CHE.hi.warm.vege.nf.03,94
CHE.hi.warm.vege.wf.03,27
CHE.hi.ambi.vege.nf.03,109
CHE.hi.warm.vege.wf.05,65
CHE.hi.ambi.vege.nf.05,63
CHE.hi.warm.vege.nf.05,91
CHE.hi.ambi.vege.wf.05,122
CHE.hi.warm.vege.wf.04,21
CHE.hi.warm.vege.wf.01,109
CHE.hi.warm.vege.nf.04,59
CHE.hi.ambi.vege.wf.04,78
CHE.hi.ambi.vege.nf.04,112
CHE.hi.ambi.vege.wf.01,121
CHE.hi.ambi.vege.wf.06,89
CHE.hi.ambi.vege.nf.06,40
CHE.hi.warm.vege.nf.06,53
CHE.hi.warm.vege.wf.06,42
CHE.hi.warm.vege.wf.07,86
CHE.hi.ambi.vege.wf.07,62
CHE.hi.ambi.vege.nf.08,82
CHE.hi.ambi.vege.wf.08,56
CHE.hi.warm.vege.nf.08,94
CHE.hi.warm.vege.wf.08,62
CHE.hi.warm.vege.nf.09,61
CHE.hi.ambi.vege.nf.09,40
CHE.hi.warm.vege.wf.09,72
CHE.hi.ambi.vege.wf.09,90
CHE.hi.warm.vege.nf.10,99
CHE.hi.ambi.vege.wf.10,124
CHE.hi.warm.vege.wf.10,102
CHE.hi.ambi.vege.nf.10,84
CHE.lo.ambi.vege.wf.09,250
CHE.lo.ambi.vege.wf.08,200
CHE.lo.ambi.vege.wf.07,240
CHE.lo.ambi.vege.wf.06,347
CHE.lo.ambi.vege.wf.10,417
CHE.lo.ambi.vege.wf.04,618
CHE.lo.ambi.vege.wf.01,207
CHE.lo.ambi.vege.wf.02,121
CHE.lo.ambi.vege.wf.05,203
CHE.lo.ambi.vege.wf.03,495
CHE.hi.ambi.vege.wf.02,18
CHE.hi.ambi.vege.nf.02,62
CHE.hi.warm.vege.nf.02,105
CHE.hi.warm.vege.wf.02,15
CHE.hi.ambi.vege.wf.03,95
CHE.hi.warm.vege.nf.03,86
CHE.hi.warm.vege.wf.03,57
CHE.hi.ambi.vege.nf.03,81
CHE.hi.warm.vege.wf.05,62
CHE.hi.ambi.vege.nf.05,95
CHE.hi.warm.vege.nf.05,45
CHE.hi.ambi.vege.wf.05,87
CHE.hi.warm.vege.wf.04,35
CHE.hi.warm.vege.wf.01,126
CHE.hi.warm.vege.nf.04,39
CHE.hi.ambi.vege.wf.04,215
CHE.hi.ambi.vege.nf.04,84
CHE.hi.ambi.vege.wf.01,180
CHE.hi.ambi.vege.wf.06,88
CHE.hi.ambi.vege.nf.06,38
CHE.hi.warm.vege.nf.06,55
CHE.hi.warm.vege.wf.06,70
CHE.hi.warm.vege.wf.07,62
CHE.hi.ambi.vege.wf.07,25
CHE.hi.ambi.vege.nf.08,66
CHE.hi.ambi.vege.wf.08,73
CHE.hi.warm.vege.nf.08,49
CHE.hi.warm.vege.wf.08,111
CHE.hi.warm.vege.nf.09,69
CHE.hi.ambi.vege.nf.09,47
CHE.hi.warm.vege.wf.09,90
CHE.hi.ambi.vege.wf.09,92
CHE.hi.warm.vege.nf.10,64
CHE.hi.ambi.vege.wf.10,252
CHE.hi.warm.vege.wf.10,110
CHE.hi.ambi.vege.nf.10,104
CHE.lo.ambi.vege.wf.09,538
CHE.lo.ambi.vege.wf.08,248
CHE.lo.ambi.vege.wf.07,209
CHE.lo.ambi.vege.wf.06,452
CHE.lo.ambi.vege.wf.10,182
CHE.lo.ambi.vege.wf.04,608
CHE.lo.ambi.vege.wf.01,249
CHE.lo.ambi.vege.wf.02,145
CHE.lo.ambi.vege.wf.05,318
CHE.lo.ambi.vege.wf.03,291
CHE.hi.ambi.vege.wf.02,122
CHE.hi.ambi.vege.nf.02,54
CHE.hi.warm.vege.nf.02,21
CHE.hi.warm.vege.wf.02,89
CHE.hi.ambi.vege.wf.03,96
CHE.hi.warm.vege.nf.03,111
CHE.hi.warm.vege.wf.03,38
CHE.hi.ambi.vege.nf.03,72
CHE.hi.warm.vege.wf.05,48
CHE.hi.ambi.vege.nf.05,105
CHE.hi.warm.vege.nf.05,84
CHE.hi.ambi.vege.wf.05,117
CHE.hi.warm.vege.wf.04,63
CHE.hi.warm.vege.wf.01,51
CHE.hi.warm.vege.nf.04,54
CHE.hi.ambi.vege.wf.04,107
CHE.hi.ambi.vege.nf.04,88
CHE.hi.ambi.vege.wf.01,81
CHE.hi.ambi.vege.wf.06,81
CHE.hi.ambi.vege.nf.06,94
CHE.hi.warm.vege.nf.06,48
CHE.hi.warm.vege.wf.06,58
CHE.hi.warm.vege.wf.07,85
CHE.hi.ambi.vege.wf.07,181
CHE.hi.ambi.vege.nf.08,41
CHE.hi.ambi.vege.wf.08,125
CHE.hi.warm.vege.nf.08,21
CHE.hi.warm.vege.wf.08,106
CHE.hi.warm.vege.nf.09,39
CHE.hi.ambi.vege.nf.09,79
CHE.hi.warm.vege.wf.09,66
CHE.hi.ambi.vege.wf.09,65
CHE.hi.warm.vege.nf.10,68
CHE.hi.ambi.vege.wf.10,138
CHE.hi.warm.vege.wf.10,181
CHE.hi.ambi.vege.nf.10,80
CHE.lo.ambi.vege.wf.09,231
CHE.lo.ambi.vege.wf.08,168
CHE.lo.ambi.vege.wf.07,233
CHE.lo.ambi.vege.wf.06,206
CHE.lo.ambi.vege.wf.10,186
CHE.lo.ambi.vege.wf.04,355
CHE.lo.ambi.vege.wf.01,221
CHE.lo.ambi.vege.wf.02,100
CHE.lo.ambi.vege.wf.05,178
CHE.lo.ambi.vege.wf.03,486
CHE.hi.ambi.vege.wf.02,101
CHE.hi.ambi.vege.nf.02,56
CHE.hi.warm.vege.nf.02,211
CHE.hi.warm.vege.wf.02,81
CHE.hi.ambi.vege.wf.03,95
CHE.hi.warm.vege.nf.03,241
CHE.hi.warm.vege.wf.03,36
CHE.hi.ambi.vege.nf.03,75
CHE.hi.warm.vege.wf.05,138
CHE.hi.ambi.vege.nf.05,188
CHE.hi.warm.vege.nf.05,88
CHE.hi.ambi.vege.wf.05,111
CHE.hi.warm.vege.wf.04,35
CHE.hi.warm.vege.wf.01,124
CHE.hi.warm.vege.nf.04,52
CHE.hi.ambi.vege.wf.04,74
CHE.hi.ambi.vege.nf.04,91
CHE.hi.ambi.vege.wf.01,101
CHE.hi.ambi.vege.wf.06,127
CHE.hi.ambi.vege.nf.06,48
CHE.hi.warm.vege.nf.06,47
CHE.hi.warm.vege.wf.06,9
CHE.hi.warm.vege.wf.07,42
CHE.hi.ambi.vege.wf.07,60
CHE.hi.ambi.vege.nf.08,92
CHE.hi.ambi.vege.wf.08,104
CHE.hi.warm.vege.nf.08,64
CHE.hi.warm.vege.wf.08,102
CHE.hi.warm.vege.nf.09,38
CHE.hi.ambi.vege.nf.09,62
CHE.hi.warm.vege.wf.09,109
CHE.hi.ambi.vege.wf.09,56
CHE.hi.warm.vege.nf.10,38
CHE.hi.ambi.vege.wf.10,88
CHE.hi.warm.vege.wf.10,166
CHE.hi.ambi.vege.nf.10,126
CHE.lo.ambi.vege.wf.09,287
CHE.lo.ambi.vege.wf.08,212
CHE.lo.ambi.vege.wf.07,532
CHE.lo.ambi.vege.wf.06,402
CHE.lo.ambi.vege.wf.10,226
CHE.lo.ambi.vege.wf.04,242
CHE.lo.ambi.vege.wf.01,180
CHE.lo.ambi.vege.wf.02,423
CHE.lo.ambi.vege.wf.05,248
CHE.lo.ambi.vege.wf.03,164
CHE.hi.ambi.vege.wf.02,116
CHE.hi.ambi.vege.nf.02,102
CHE.hi.warm.vege.nf.02,101
CHE.hi.warm.vege.wf.02,82
CHE.hi.ambi.vege.wf.03,48
CHE.hi.warm.vege.nf.03,110
CHE.hi.warm.vege.wf.03,70
CHE.hi.ambi.vege.nf.03,74
CHE.hi.warm.vege.wf.05,37
CHE.hi.ambi.vege.nf.05,41
CHE.hi.warm.vege.nf.05,80
CHE.hi.ambi.vege.wf.05,175
CHE.hi.warm.vege.wf.04,60
CHE.hi.warm.vege.wf.01,54
CHE.hi.warm.vege.nf.04,120
CHE.hi.ambi.vege.wf.04,82
CHE.hi.ambi.vege.nf.04,56
CHE.hi.ambi.vege.wf.01,136
CHE.hi.ambi.vege.wf.06,118
CHE.hi.ambi.vege.nf.06,73
CHE.hi.warm.vege.nf.06,48
CHE.hi.warm.vege.wf.06,45
CHE.hi.warm.vege.wf.07,81
CHE.hi.ambi.vege.wf.07,62
CHE.hi.ambi.vege.nf.08,66
CHE.hi.ambi.vege.wf.08,98
CHE.hi.warm.vege.nf.08,75
CHE.hi.warm.vege.wf.08,85
CHE.hi.warm.vege.nf.09,51
CHE.hi.ambi.vege.nf.09,178
CHE.hi.warm.vege.wf.09,62
CHE.hi.ambi.vege.wf.09,81
CHE.hi.warm.vege.nf.10,131
CHE.hi.ambi.vege.wf.10,115
CHE.hi.warm.vege.wf.10,43
CHE.hi.ambi.vege.nf.10,92
CHE.lo.ambi.vege.wf.09,528
CHE.lo.ambi.vege.wf.08,311
CHE.lo.ambi.vege.wf.07,177
CHE.lo.ambi.vege.wf.06,378
CHE.lo.ambi.vege.wf.10,186
CHE.lo.ambi.vege.wf.04,378
CHE.lo.ambi.vege.wf.01,218
CHE.lo.ambi.vege.wf.02,124
CHE.lo.ambi.vege.wf.05,584
CHE.lo.ambi.vege.wf.03,252
CHE.hi.ambi.vege.wf.02,122
CHE.hi.ambi.vege.nf.02,71
CHE.hi.warm.vege.nf.02,78
CHE.hi.warm.vege.wf.02,68
CHE.hi.ambi.vege.wf.03,69
CHE.hi.warm.vege.nf.03,160
CHE.hi.warm.vege.wf.03,49
CHE.hi.ambi.vege.nf.03,68
CHE.hi.warm.vege.wf.05,39
CHE.hi.ambi.vege.nf.05,66
CHE.hi.warm.vege.nf.05,42
CHE.hi.ambi.vege.wf.05,60
CHE.hi.warm.vege.wf.04,74
CHE.hi.warm.vege.wf.01,70
CHE.hi.warm.vege.nf.04,48
CHE.hi.ambi.vege.wf.04,200
CHE.hi.ambi.vege.nf.04,126
CHE.hi.ambi.vege.wf.01,107
CHE.hi.ambi.vege.wf.06,80
CHE.hi.ambi.vege.nf.06,132
CHE.hi.warm.vege.nf.06,27
CHE.hi.warm.vege.wf.06,28
CHE.hi.warm.vege.wf.07,76
CHE.hi.ambi.vege.wf.07,20
CHE.hi.ambi.vege.nf.08,67
CHE.hi.ambi.vege.wf.08,118
CHE.hi.warm.vege.nf.08,111
CHE.hi.warm.vege.wf.08,115
CHE.hi.warm.vege.nf.09,134
CHE.hi.ambi.vege.nf.09,42
CHE.hi.warm.vege.wf.09,91
CHE.hi.ambi.vege.wf.09,55
CHE.hi.warm.vege.nf.10,72
CHE.hi.ambi.vege.wf.10,72
CHE.hi.warm.vege.wf.10,35
CHE.hi.ambi.vege.nf.10,92
CHE.lo.ambi.vege.wf.09,194
CHE.lo.ambi.vege.wf.08,188
CHE.lo.ambi.vege.wf.07,149
CHE.lo.ambi.vege.wf.06,314
CHE.lo.ambi.vege.wf.10,268
CHE.lo.ambi.vege.wf.04,270
CHE.lo.ambi.vege.wf.01,382
CHE.lo.ambi.vege.wf.02,444
CHE.lo.ambi.vege.wf.05,209
CHE.lo.ambi.vege.wf.03,368
CHE.hi.ambi.vege.wf.02,133
CHE.hi.ambi.vege.nf.02,25
CHE.hi.warm.vege.nf.02,60
CHE.hi.warm.vege.wf.02,61
CHE.hi.ambi.vege.wf.03,46
CHE.hi.warm.vege.nf.03,55
CHE.hi.warm.vege.wf.03,10
CHE.hi.ambi.vege.nf.03,71
CHE.hi.warm.vege.wf.05,72
CHE.hi.ambi.vege.nf.05,44
CHE.hi.warm.vege.nf.05,55
CHE.hi.ambi.vege.wf.05,79
CHE.hi.warm.vege.wf.04,172
CHE.hi.warm.vege.wf.01,72
CHE.hi.warm.vege.nf.04,103
CHE.hi.ambi.vege.wf.04,74
CHE.hi.ambi.vege.nf.04,89
CHE.hi.ambi.vege.wf.01,126
CHE.hi.ambi.vege.wf.06,128
CHE.hi.ambi.vege.nf.06,138
CHE.hi.warm.vege.nf.06,55
CHE.hi.warm.vege.wf.06,21
CHE.hi.warm.vege.wf.07,85
CHE.hi.ambi.vege.wf.07,34
CHE.hi.ambi.vege.nf.08,79
CHE.hi.ambi.vege.wf.08,121
CHE.hi.warm.vege.nf.08,75
CHE.hi.warm.vege.wf.08,42
CHE.hi.warm.vege.nf.09,91
CHE.hi.ambi.vege.nf.09,75
CHE.hi.warm.vege.wf.09,18
CHE.hi.ambi.vege.wf.09,54
CHE.hi.warm.vege.nf.10,86
CHE.hi.ambi.vege.wf.10,96
CHE.hi.warm.vege.wf.10,32
CHE.hi.ambi.vege.nf.10,87
CHE.lo.ambi.vege.wf.09,478
CHE.lo.ambi.vege.wf.08,181
CHE.lo.ambi.vege.wf.07,127
CHE.lo.ambi.vege.wf.06,415
CHE.lo.ambi.vege.wf.10,309
CHE.lo.ambi.vege.wf.04,324
CHE.lo.ambi.vege.wf.01,208
CHE.lo.ambi.vege.wf.02,288
CHE.lo.ambi.vege.wf.05,324
CHE.lo.ambi.vege.wf.03,521
CHE.hi.ambi.vege.wf.02,71
CHE.hi.ambi.vege.nf.02,126
CHE.hi.warm.vege.nf.02,83
CHE.hi.warm.vege.wf.02,31
CHE.hi.ambi.vege.wf.03,123
CHE.hi.warm.vege.nf.03,83
CHE.hi.warm.vege.wf.03,86
CHE.hi.ambi.vege.nf.03,94
CHE.hi.warm.vege.wf.05,40
CHE.hi.ambi.vege.nf.05,56
CHE.hi.warm.vege.nf.05,86
CHE.hi.ambi.vege.wf.05,64
CHE.hi.warm.vege.wf.04,82
CHE.hi.warm.vege.wf.01,65
CHE.hi.warm.vege.nf.04,54
CHE.hi.ambi.vege.wf.04,105
CHE.hi.ambi.vege.nf.04,100
CHE.hi.ambi.vege.wf.01,72
CHE.hi.ambi.vege.wf.06,68
CHE.hi.ambi.vege.nf.06,113
CHE.hi.warm.vege.nf.06,34
CHE.hi.warm.vege.wf.06,49
CHE.hi.warm.vege.wf.07,18
CHE.hi.ambi.vege.wf.07,40
CHE.hi.ambi.vege.nf.08,31
CHE.hi.ambi.vege.wf.08,137
CHE.hi.warm.vege.nf.08,39
CHE.hi.warm.vege.wf.08,49
CHE.hi.warm.vege.nf.09,81
CHE.hi.ambi.vege.nf.09,58
CHE.hi.warm.vege.wf.09,86
CHE.hi.ambi.vege.wf.09,44
CHE.hi.warm.vege.nf.10,182
CHE.hi.ambi.vege.wf.10,86
CHE.hi.warm.vege.wf.10,63
CHE.hi.ambi.vege.nf.10,120
